chain_0,chain_1,chain_2,chain_3
"[-0.18247911 -0.18247911 -0.177892   ... -0.2006031  -0.18830733
 -0.2331414 ]","[-0.24699849 -0.23552026 -0.22051498 ... -0.20275223 -0.22221935
 -0.22961433]","[-0.2489077  -0.25114396 -0.23010185 ... -0.21169777 -0.21683493
 -0.21035689]","[-0.23833714 -0.22708505 -0.22911163 ... -0.2082659  -0.23338114
 -0.2169419 ]"
[0.15564732 0.15564732 0.15665944 ... 0.1765657  0.15170187 0.2121519 ],[0.20732063 0.19918688 0.20442879 ... 0.17918853 0.16861282 0.18735407],[0.19890349 0.20747152 0.19307034 ... 0.16940543 0.20690154 0.15701687],[0.17131813 0.1978431  0.19519521 ... 0.16066954 0.20680435 0.20463984]
