chain_0,chain_1,chain_2,chain_3
[0.20342435 0.1890759  0.19999398 ... 0.20496398 0.17766611 0.20137258],[0.19785213 0.18869533 0.19385593 ... 0.1862054  0.1901273  0.19526502],[0.18976289 0.20280819 0.18784967 ... 0.20048518 0.2118415  0.19407478],[0.18912312 0.19491765 0.20661964 ... 0.1955249  0.17405154 0.17570241]
[0.00770093 0.00923147 0.00796535 ... 0.00504502 0.01149458 0.00445453],[0.00498918 0.00881878 0.00645683 ... 0.00551341 0.01094903 0.00381967],[0.00435747 0.01019644 0.00942303 ... 0.01128949 0.00540592 0.00490098],[0.00835295 0.00460077 0.00573937 ... 0.00450723 0.00549855 0.00473309]
