chain_0,chain_1,chain_2,chain_3
[0.2120226  0.18117085 0.18655539 ... 0.19725052 0.19474281 0.19595243],[0.21176982 0.21634704 0.17280504 ... 0.19140363 0.20460364 0.196408  ],[0.18219471 0.17899272 0.17479077 ... 0.1957849  0.19871634 0.21071763],[0.19250587 0.20429955 0.1887185  ... 0.20452207 0.18899333 0.19526678]
[0.00452174 0.00587433 0.00571145 ... 0.00823935 0.00407417 0.00344656],[0.00767189 0.00723333 0.00857605 ... 0.00742091 0.00832033 0.00494381],[0.00653691 0.00608898 0.00993404 ... 0.00399638 0.01550059 0.00748543],[0.00371491 0.00564416 0.00448752 ... 0.00719301 0.0029151  0.0046365 ]
