chain_0,chain_1,chain_2,chain_3
"[-0.20771554 -0.2119888  -0.20852694 ... -0.22290723 -0.22410879
 -0.18807279]","[-0.21129501 -0.19432166 -0.22890525 ... -0.22418027 -0.21096551
 -0.21759567]","[-0.22532982 -0.24307059 -0.21086602 ... -0.22108722 -0.20160572
 -0.192136  ]","[-0.20716588 -0.214554   -0.215173   ... -0.1937627  -0.2145978
 -0.20567797]"
[0.16250883 0.18754081 0.19089858 ... 0.16382064 0.17895623 0.14798063],[0.17743236 0.15248743 0.20648317 ... 0.1915064  0.1930173  0.2034497 ],[0.19923025 0.21596813 0.18385929 ... 0.15965292 0.15661132 0.13608366],[0.20057046 0.18892431 0.18746625 ... 0.14539863 0.19198339 0.19964965]
