chain_0,chain_1,chain_2,chain_3
"[-0.18443489 -0.1894741  -0.20082855 ... -0.21601677 -0.20855522
 -0.210886  ]","[-0.20830345 -0.21063995 -0.22015572 ... -0.217062   -0.20009613
 -0.24863625]","[-0.21749115 -0.23248482 -0.22965431 ... -0.22725677 -0.19010353
 -0.24819946]","[-0.22978783 -0.23882866 -0.2447052  ... -0.18072128 -0.2139225
 -0.21068764]"
[0.1410535  0.1342994  0.15121922 ... 0.16415776 0.18291022 0.18348297],[0.16065067 0.1587656  0.19891638 ... 0.18293232 0.2047605  0.20426917],[0.20196779 0.19177647 0.18829496 ... 0.17210898 0.16990973 0.198403  ],[0.21976413 0.18972868 0.1944236  ... 0.17683594 0.16796178 0.16540168]
