chain_0,chain_1,chain_2,chain_3
"[-0.21752325 -0.20840329 -0.19865862 ... -0.20438617 -0.208894
 -0.19845863]","[-0.22484542 -0.21680632 -0.20061515 ... -0.20843151 -0.19906761
 -0.21145274]","[-0.19112493 -0.19909424 -0.21799384 ... -0.19865878 -0.1973237
 -0.22642739]","[-0.20358093 -0.23399676 -0.21356916 ... -0.23180684 -0.20673393
 -0.20797385]"
[0.1437263  0.19812588 0.12988587 ... 0.20625561 0.18587811 0.16331369],[0.1587944  0.15914914 0.17720398 ... 0.19372416 0.18010077 0.17967676],[0.16716573 0.15739073 0.18902613 ... 0.1803164  0.19104935 0.1575726 ],[0.16975491 0.19050196 0.17819452 ... 0.17387359 0.14938669 0.17393221]
