chain_0,chain_1,chain_2,chain_3
[11.92373  22.869583 19.67266  ... 23.065006 19.030504 12.805738],[18.852013 19.797201 18.493069 ... 21.185347 20.769306 21.696844],[19.911354  16.32918   15.809867  ... 21.5822    12.9962435 12.829272 ],[23.713978 22.16427  18.758232 ... 17.579893 16.524647 17.110186]
[ 2.4647055 18.299961   9.728104  ... -2.6965475  3.602148   4.638219 ],[ 6.653808  24.096931  16.885805  ... -2.5015903  9.527844   9.773117 ],[ 47.1185    31.293161   9.427947 ... -19.679485  21.357092   7.112717],[28.943066  31.389744  10.078271  ... 28.636078   5.1633744  4.3297977]
[  7.221754  -9.664581  -6.825658 ... -29.61989  -19.048641 -16.847153],"[ 11.965652  -33.922092  -25.038122  ... -13.24071   -12.441436
  -1.1103475]","[-5.2604244e+01 -1.4982224e-03  9.3556309e+00 ...  1.6005337e+01
 -2.1518879e+01 -1.8097631e+01]","[-11.384262  -14.737032   22.776325  ... -24.339134  -12.17612
   2.7439284]"
[-6.243557  -9.838966  -1.7894369 ... 31.868204  19.91429    8.2190275],"[-20.616014   11.362335    6.4116077 ...  10.487014    0.432994
  -6.9311366]","[  6.2028766  -30.17441    -18.576555   ...   6.1335044   -0.72922635
  11.465995  ]","[-19.59736   -15.447433  -32.01622   ...  -2.4133484   8.200487
  -8.799858 ]"
[149.66736 119.73942  77.41017 ... 166.63228 217.68427 117.02329],[166.12341   83.263985 101.3041   ... 161.70596  111.31799  103.96179 ],[129.05615  160.7926   123.32723  ... 126.248726  97.18087  182.5231  ],[267.8728   299.5506   144.23187  ...  70.30426   83.969795 122.217804]
